"pos","sentence_idx","word","tag"
"IN","0","After","O"
"IN","0","at","O"
"JJS","0","least","O"
"CD","0","one","O"
"NN","0","week","O"
"VBG","0","following","O"
"DT","0","the","O"
"NN","0","initiation","O"
"IN","0","of","O"
"NN","0","ritonavir","O"
",","0",",","O"
"VB","0","resume","O"
"NNP","0","ADCIRCA","O"
"IN","0","at","O"
"CD","0","20","O"
"NNS","0","mg","O"
"RB","0","once","O"
"RB","0","daily","O"
".","0",".","O"
"NNP","1","Avoid","B-Trigger"
"NN","1","use","I-Trigger"
"IN","1","of","O"
"NNP","1","ADCIRCA","O"
"IN","1","during","O"
"DT","1","the","O"
"NN","1","initiation","O"
"IN","1","of","O"
"NN","1","ritonavir","B-Precipitant"
".","1",".","O"
"NN","2","Co-administration","O"
"IN","2","of","O"
"NNP","2","ADCIRCA","O"
"IN","2","in","O"
"NNP","2","Patients","O"
"IN","2","on","O"
"NNP","2","Ritonavir","O"
".","2",".","O"
"NN","3","Co-administration","O"
"IN","3","of","O"
"NNP","3","Ritonavir","O"
"IN","3","in","O"
"NNP","3","Patients","O"
"IN","3","on","O"
"NNP","3","ADCIRCA","O"
".","3",".","O"
"IN","4","In","O"
"NNS","4","patients","O"
"VBG","4","receiving","O"
"NN","4","ritonavir","O"
"IN","4","for","O"
"IN","4","at","O"
"JJS","4","least","O"
"CD","4","one","O"
"NN","4","week","O"
",","4",",","O"
"VBP","4","start","O"
"NNP","4","ADCIRCA","O"
"IN","4","at","O"
"CD","4","20","O"
"NNS","4","mg","O"
"RB","4","once","O"
"RB","4","daily","O"
".","4",".","O"
"NNP","5","Stop","B-Trigger"
"NNP","5","ADCIRCA","O"
"IN","5","at","O"
"JJS","5","least","O"
"CD","5","24","O"
"NNS","5","hours","O"
"RB","5","prior","O"
"TO","5","to","O"
"VBG","5","starting","O"
"NN","5","ritonavir","B-Precipitant"
".","5",".","O"
"NNP","6","ADCIRCA","O"
"VBZ","6","is","O"
"VBN","6","contraindicated","O"
"IN","6","in","O"
"NNS","6","patients","O"
"IN","6","with","O"
"DT","6","a","O"
"VBN","6","known","O"
"JJ","6","serious","O"
"NN","6","hypersensitivity","O"
"TO","6","to","O"
"VB","6","tadalafil","O"
"(","6","(","O"
"NNP","6","ADCIRCA","O"
"CC","6","or","O"
"NNP","6","CIALIS","O"
")","6",")","O"
".","6",".","O"
"NNP","7","Do","B-Trigger"
"RB","7","not","I-Trigger"
"VB","7","use","I-Trigger"
"NNP","7","ADCIRCA","O"
"IN","7","in","O"
"NNS","7","patients","O"
"WP","7","who","O"
"VBP","7","are","O"
"VBG","7","using","O"
"DT","7","a","O"
"NNP","7","GC","B-Precipitant"
"NN","7","stimulator","I-Precipitant"
",","7",",","O"
"JJ","7","such","O"
"IN","7","as","O"
"NN","7","riociguat","B-Precipitant"
".","7",".","O"
"NNP","8","Do","B-Trigger"
"RB","8","not","I-Trigger"
"VB","8","use","I-Trigger"
"NNP","8","ADCIRCA","O"
"IN","8","in","O"
"NNS","8","patients","O"
"WP","8","who","O"
"VBP","8","are","O"
"VBG","8","using","O"
"DT","8","a","O"
"NNP","8","GC","B-Precipitant"
"NN","8","stimulator","I-Precipitant"
",","8",",","O"
"JJ","8","such","O"
"IN","8","as","O"
"NN","8","riociguat","B-Precipitant"
".","8",".","O"
"NN","9","History","O"
"IN","9","of","O"
"VBN","9","known","O"
"JJ","9","serious","O"
"NN","9","hypersensitivity","O"
"NN","9","reaction","O"
"TO","9","to","O"
"NNP","9","ADCIRCA","O"
"CC","9","or","O"
"NNP","9","CIALIS","O"
"(","9","(","O"
"CD","9","4.3","O"
")","9",")","O"
".","9",".","O"
"NNS","10","[","O"
"NNP","10","See","O"
"NNP","10","Warnings","O"
"CC","10","and","O"
"NNP","10","Precautions","O"
"(","10","(","O"
"CD","10","5.1","O"
")","10",")","O"
"CC","10","and","O"
"JJ","10","Clinical","O"
"NNP","10","Pharmacology","O"
"(","10","(","O"
"CD","10","12.2","O"
")","10",")","O"
"NN","10","]","O"
".","10",".","O"
"NNP","11","Alcohol","O"
"NNP","11","Both","B-SpecificInteraction"
"NN","11","alcohol","B-Precipitant"
"CC","11","and","O"
"NN","11","tadalafil","O"
",","11",",","O"
"DT","11","a","O"
"NNP","11","PDE5","O"
"NN","11","inhibitor","O"
",","11",",","O"
"NN","11","act","B-SpecificInteraction"
"IN","11","as","I-SpecificInteraction"
"JJ","11","mild","O"
"NNS","11","vasodilators","B-SpecificInteraction"
".","11",".","O"
"NNS","12","Alpha-Blockers","B-Precipitant"
"NNP","12","PDE5","B-Precipitant"
"NNS","12","inhibitors","I-Precipitant"
",","12",",","O"
"VBG","12","including","O"
"NNP","12","ADCIRCA","O"
",","12",",","O"
"CC","12","and","O"
"JJ","12","alphaadrenergic","B-Precipitant"
"NN","12","blocking","I-Precipitant"
"NNS","12","agents","I-Precipitant"
"VBP","12","are","O"
"DT","12","both","O"
"NNS","12","vasodilators","O"
"IN","12","with","O"
"JJ","12","blood-pressure-lowering","B-SpecificInteraction"
"NNS","12","effects","O"
".","12",".","O"
"NNS","13","Alpha-Blockers","B-Precipitant"
"NNP","13","PDE5","B-Precipitant"
"NNS","13","inhibitors","I-Precipitant"
",","13",",","O"
"VBG","13","including","O"
"NNP","13","ADCIRCA","O"
",","13",",","O"
"CC","13","and","O"
"JJ","13","alphaadrenergic","B-Precipitant"
"NN","13","blocking","I-Precipitant"
"NNS","13","agents","I-Precipitant"
"VBP","13","are","O"
"DT","13","both","O"
"NNS","13","vasodilators","O"
"IN","13","with","O"
"JJ","13","blood-pressure-lowering","B-SpecificInteraction"
"NNS","13","effects","O"
".","13",".","O"
"NNS","14","Alpha-Blockers","B-Precipitant"
"NNP","14","PDE5","B-Precipitant"
"NNS","14","inhibitors","I-Precipitant"
",","14",",","O"
"VBG","14","including","O"
"NNP","14","ADCIRCA","O"
",","14",",","O"
"CC","14","and","O"
"JJ","14","alphaadrenergic","B-Precipitant"
"NN","14","blocking","I-Precipitant"
"NNS","14","agents","I-Precipitant"
"VBP","14","are","O"
"DT","14","both","O"
"NNS","14","vasodilators","O"
"IN","14","with","O"
"JJ","14","blood-pressure-lowering","B-SpecificInteraction"
"NNS","14","effects","O"
".","14",".","O"
"NNS","15","Antihypertensives","O"
"NNS","15","PDE5inhibitors","O"
",","15",",","O"
"VBG","15","including","O"
"NNP","15","ADCIRCA","O"
",","15",",","O"
"VBP","15","are","O"
"JJ","15","mild","O"
"JJ","15","systemic","O"
"NNS","15","vasodilators","O"
".","15",".","O"
"NNP","16","Aspirin","O"
"NNP","16","Tadalafil","O"
"(","16","(","O"
"CD","16","10","O"
"NN","16","mg","O"
"CC","16","and","O"
"CD","16","20","O"
"NN","16","mg","O"
"RB","16","once","O"
"RB","16","daily","O"
")","16",")","O"
"VBZ","16","does","O"
"RB","16","not","O"
"VB","16","potentiate","O"
"DT","16","the","O"
"NN","16","increase","O"
"IN","16","in","O"
"JJ","16","bleeding","O"
"NN","16","time","O"
"VBN","16","caused","O"
"IN","16","by","O"
"JJ","16","aspirin","O"
"NNP","16","[","O"
"VBP","16","see","O"
"JJ","16","Clinical","O"
"NNP","16","Pharmacology","O"
"(","16","(","O"
"CD","16","12.3","O"
")","16",")","O"
"NN","16","]","O"
".","16",".","O"
"IN","17","At","O"
"JJ","17","steady","O"
"NN","17","state","O"
"IN","17","of","O"
"NN","17","ritonavir","O"
"(","17","(","O"
"IN","17","about","O"
"CD","17","1","O"
"NN","17","week","O"
")","17",")","O"
",","17",",","O"
"DT","17","the","O"
"NN","17","exposure","O"
"TO","17","to","O"
"VB","17","tadalafil","O"
"VBZ","17","is","O"
"JJ","17","similar","O"
"IN","17","as","O"
"IN","17","in","O"
"DT","17","the","O"
"NN","17","absence","O"
"IN","17","of","O"
"NN","17","ritonavir","O"
"VBP","17","see","O"
"NNP","17","Dosage","O"
"CC","17","and","O"
"NNP","17","Administration","O"
"(","17","(","O"
"CD","17","2.3","O"
")","17",")","O"
",","17",",","O"
"NNP","17","Warnings","O"
"CC","17","and","O"
"NNP","17","Precautions","O"
"(","17","(","O"
"CD","17","5.2","O"
")","17",")","O"
",","17",",","O"
"CC","17","and","O"
"NNP","17","Clinical","O"
"NNP","17","Pharmacology","O"
"(","17","(","O"
"CD","17","12.3","O"
")","17",")","O"
".","17",".","O"
"IN","18","At","O"
"JJ","18","steady","O"
"NN","18","state","O"
"IN","18","of","O"
"NN","18","ritonavir","O"
"(","18","(","O"
"IN","18","about","O"
"CD","18","1","O"
"NN","18","week","O"
")","18",")","O"
",","18",",","O"
"DT","18","the","O"
"NN","18","exposure","O"
"TO","18","to","O"
"VB","18","tadalafil","O"
"VBZ","18","is","O"
"JJ","18","similar","O"
"IN","18","as","O"
"IN","18","in","O"
"DT","18","the","O"
"NN","18","absence","O"
"IN","18","of","O"
"NN","18","ritonavir","O"
"NNP","18","[","O"
"VBP","18","see","O"
"NNP","18","Dosage","O"
"CC","18","and","O"
"NNP","18","Administration","O"
"(","18","(","O"
"CD","18","2.3","O"
")","18",")","O"
",","18",",","O"
"NNP","18","Warnings","O"
"CC","18","and","O"
"NNP","18","Precautions","O"
"(","18","(","O"
"CD","18","5.2","O"
")","18",")","O"
",","18",",","O"
"CC","18","and","O"
"NNP","18","Clinical","O"
"NNP","18","Pharmacology","O"
"(","18","(","O"
"CD","18","12.3","O"
")","18",")","O"
"NN","18","]","O"
".","18",".","O"
"DT","19","Both","B-SpecificInteraction"
"NN","19","alcohol","B-Precipitant"
"CC","19","and","O"
"NN","19","tadalafil","O"
",","19",",","O"
"DT","19","a","O"
"NNP","19","PDE5","O"
"NN","19","inhibitor","O"
",","19",",","O"
"NN","19","act","B-SpecificInteraction"
"IN","19","as","I-SpecificInteraction"
"JJ","19","mild","O"
"NNS","19","vasodilators","B-SpecificInteraction"
".","19",".","O"
"JJ","20","Clinical","O"
"NN","20","pharmacology","O"
"NNS","20","studies","O"
"VBP","20","have","O"
"VBN","20","been","O"
"VBN","20","conducted","O"
"IN","20","with","O"
"NN","20","coadministration","O"
"IN","20","of","O"
"NN","20","tadalafil","O"
"IN","20","with","O"
"NN","20","doxazosin","O"
",","20",",","O"
"NN","20","alfuzosin","O"
"CC","20","or","O"
"NN","20","tamsulosin","O"
"VBP","20","see","O"
"NNS","20","Warnings","O"
"CC","20","and","O"
"NNP","20","Precautions","O"
"(","20","(","O"
"CD","20","5.1","O"
")","20",")","O"
"CC","20","and","O"
"JJ","20","Clinical","O"
"NNP","20","Pharmacology","O"
"(","20","(","O"
"CD","20","12.2","O"
")","20",")","O"
".","20",".","O"
"JJ","21","Clinical","O"
"NN","21","pharmacology","O"
"NNS","21","studies","O"
"VBD","21","were","O"
"VBN","21","conducted","O"
"TO","21","to","O"
"VB","21","assess","O"
"DT","21","the","O"
"NN","21","effect","O"
"IN","21","of","O"
"NN","21","tadalafil","O"
"IN","21","on","O"
"DT","21","the","O"
"NN","21","potentiation","O"
"IN","21","of","O"
"DT","21","the","O"
"NN","21","blood","O"
"NN","21","pressure","O"
"VBG","21","lowering","O"
"NNS","21","effects","O"
"IN","21","of","O"
"VBN","21","selected","O"
"JJ","21","antihypertensive","O"
"NNS","21","medications","O"
"(","21","(","O"
"NN","21","amlodipine","O"
",","21",",","O"
"NN","21","angiotensin","O"
"NNP","21","II","O"
"NN","21","receptor","O"
"NNS","21","blockers","O"
",","21",",","O"
"NN","21","bendroflumethiazide","O"
",","21",",","O"
"NN","21","enalapril","O"
",","21",",","O"
"CC","21","and","O"
"NN","21","metoprolol","O"
")","21",")","O"
".","21",".","O"
"NN","22","Coadministration","O"
"IN","22","of","O"
"NN","22","tadalafil","O"
"(","22","(","O"
"CD","22","40","O"
"NN","22","mg","O"
"RB","22","once","O"
"RB","22","daily","O"
")","22",")","O"
"IN","22","for","O"
"CD","22","10","O"
"NNS","22","days","O"
"VBD","22","did","O"
"RB","22","not","O"
"RB","22","significantly","O"
"VB","22","alter","O"
"NN","22","digoxin","O"
"NNS","22","pharmacokinetics","O"
"IN","22","in","O"
"JJ","22","healthy","O"
"NNS","22","subjects","O"
"VBP","22","see","O"
"JJ","22","Clinical","O"
"NNP","22","Pharmacology","O"
"(","22","(","O"
"CD","22","12.3","O"
")","22",")","O"
".","22",".","O"
"NNP","23","Cytochrome","O"
"NNP","23","P450","O"
"NNP","23","Substrates","O"
"NNP","23","Tadalafil","O"
"VBZ","23","is","O"
"RB","23","not","O"
"VBN","23","expected","O"
"TO","23","to","O"
"VB","23","cause","O"
"RB","23","clinically","O"
"JJ","23","significant","O"
"NN","23","inhibition","O"
"CC","23","or","O"
"NN","23","induction","O"
"IN","23","of","O"
"DT","23","the","O"
"NN","23","clearance","O"
"IN","23","of","O"
"NNS","23","drugs","O"
"VBN","23","metabolized","O"
"IN","23","by","O"
"NN","23","cytochrome","O"
"NNP","23","P450","O"
"(","23","(","O"
"NNP","23","CYP","O"
")","23",")","O"
"NNS","23","isoforms","O"
"(","23","(","O"
"NN","23","e.g.","O"
",","23",",","O"
"NN","23","theophylline","O"
",","23",",","O"
"NN","23","warfarin","O"
",","23",",","O"
"NN","23","midazolam","O"
",","23",",","O"
"NN","23","lovastatin","O"
",","23",",","O"
"NN","23","bosentan","O"
")","23",")","O"
"FW","23","[","O"
"VBP","23","see","O"
"JJ","23","Clinical","O"
"NNP","23","Pharmacology","O"
"(","23","(","O"
"CD","23","12.3","O"
")","23",")","O"
"NN","23","]","O"
".","23",".","O"
"IN","24","For","O"
"NNS","24","patients","O"
"RB","24","chronically","O"
"VBG","24","taking","O"
"JJ","24","potent","O"
"NNS","24","inducers","B-Precipitant"
"IN","24","of","I-Precipitant"
"NNP","24","CYP3A","I-Precipitant"
",","24",",","O"
"JJ","24","such","O"
"IN","24","as","O"
"NN","24","rifampin","B-Precipitant"
",","24",",","O"
"JJ","24","avoid","B-Trigger"
"NN","24","use","I-Trigger"
"IN","24","of","I-Precipitant"
"NNP","24","ADCIRCA","O"
"VBP","24","see","O"
"NNP","24","Warnings","O"
"CC","24","and","O"
"NNP","24","Precautions","O"
"(","24","(","O"
"CD","24","5.2","O"
")","24",")","O"
"CC","24","and","O"
"JJ","24","Clinical","O"
"NNP","24","Pharmacology","O"
"(","24","(","O"
"CD","24","12.3","O"
")","24",")","O"
".","24",".","O"
"IN","25","For","O"
"NNS","25","patients","O"
"RB","25","chronically","O"
"VBG","25","taking","O"
"JJ","25","potent","O"
"NNS","25","inducers","B-Precipitant"
"IN","25","of","I-Precipitant"
"NNP","25","CYP3A","I-Precipitant"
",","25",",","O"
"JJ","25","such","O"
"IN","25","as","O"
"NN","25","rifampin","B-Precipitant"
",","25",",","O"
"JJ","25","avoid","B-Trigger"
"NN","25","use","I-Trigger"
"IN","25","of","I-Precipitant"
"NNP","25","ADCIRCA","O"
"VBP","25","see","O"
"NNP","25","Warnings","O"
"CC","25","and","O"
"NNP","25","Precautions","O"
"(","25","(","O"
"CD","25","5.2","O"
")","25",")","O"
"CC","25","and","O"
"JJ","25","Clinical","O"
"NNP","25","Pharmacology","O"
"(","25","(","O"
"CD","25","12.3","O"
")","25",")","O"
".","25",".","O"
"IN","26","In","O"
"DT","26","a","O"
"NN","26","patient","O"
"WP","26","who","O"
"VBZ","26","has","O"
"VBN","26","taken","O"
"NNP","26","ADCIRCA","O"
",","26",",","O"
"WRB","26","where","O"
"JJ","26","nitrate","B-Precipitant"
"NN","26","administration","O"
"VBZ","26","is","O"
"VBN","26","deemed","O"
"RB","26","medically","O"
"JJ","26","necessary","O"
"IN","26","in","O"
"DT","26","a","O"
"JJ","26","lifethreatening","O"
"NN","26","situation","O"
",","26",",","O"
"IN","26","at","O"
"JJS","26","least","O"
"CD","26","48","B-Trigger"
"NNS","26","hours","I-Trigger"
"MD","26","should","I-Trigger"
"VB","26","elapse","I-Trigger"
"IN","26","after","I-Trigger"
"DT","26","the","I-Trigger"
"JJ","26","last","I-Trigger"
"NN","26","dose","I-Trigger"
"IN","26","of","O"
"NNP","26","ADCIRCA","O"
"IN","26","before","O"
"JJ","26","nitrate","B-Precipitant"
"NN","26","administration","O"
"VBZ","26","is","O"
"VBN","26","considered","O"
".","26",".","O"
"IN","27","In","O"
"JJ","27","clinical","O"
"NN","27","pharmacology","O"
"NNS","27","studies","O"
"NNP","27","ADCIRCA","O"
"VBD","27","potentiated","B-SpecificInteraction"
"DT","27","the","I-SpecificInteraction"
"JJ","27","hypotensive","I-SpecificInteraction"
"NN","27","effect","I-SpecificInteraction"
"IN","27","of","O"
"NNS","27","nitrates","B-Precipitant"
"NNP","27","[","O"
"VBP","27","see","O"
"JJ","27","Clinical","O"
"NNP","27","Pharmacology","O"
"(","27","(","O"
"CD","27","12.2","O"
")","27",")","O"
"NN","27","]","O"
".","27",".","O"
"IN","28","In","O"
"NNS","28","patients","O"
"VBG","28","taking","O"
"JJ","28","potent","O"
"NNS","28","inhibitors","B-Precipitant"
"IN","28","of","I-Precipitant"
"NNP","28","CYP3A","I-Precipitant"
"JJ","28","such","O"
"IN","28","as","O"
"NN","28","ketoconazole","B-Precipitant"
",","28",",","O"
"CC","28","and","O"
"NN","28","itraconazole","B-Precipitant"
",","28",",","O"
"JJ","28","avoid","B-Trigger"
"NN","28","use","I-Trigger"
"IN","28","of","I-Precipitant"
"NNP","28","ADCIRCA","O"
"VBP","28","see","O"
"NNP","28","Warnings","O"
"CC","28","and","O"
"NNP","28","Precautions","O"
"(","28","(","O"
"CD","28","5.2","O"
")","28",")","O"
"CC","28","and","O"
"JJ","28","Clinical","O"
"NNP","28","Pharmacology","O"
"(","28","(","O"
"CD","28","12.3","O"
")","28",")","O"
".","28",".","O"
"IN","29","In","O"
"NNS","29","patients","O"
"VBG","29","taking","O"
"JJ","29","potent","O"
"NNS","29","inhibitors","B-Precipitant"
"IN","29","of","I-Precipitant"
"NNP","29","CYP3A","I-Precipitant"
"JJ","29","such","O"
"IN","29","as","O"
"NN","29","ketoconazole","B-Precipitant"
",","29",",","O"
"CC","29","and","O"
"NN","29","itraconazole","B-Precipitant"
",","29",",","O"
"JJ","29","avoid","B-Trigger"
"NN","29","use","I-Trigger"
"IN","29","of","I-Precipitant"
"NNP","29","ADCIRCA","O"
"VBP","29","see","O"
"NNP","29","Warnings","O"
"CC","29","and","O"
"NNP","29","Precautions","O"
"(","29","(","O"
"CD","29","5.2","O"
")","29",")","O"
"CC","29","and","O"
"JJ","29","Clinical","O"
"NNP","29","Pharmacology","O"
"(","29","(","O"
"CD","29","12.3","O"
")","29",")","O"
".","29",".","O"
"IN","30","In","O"
"NNS","30","patients","O"
"VBG","30","taking","O"
"JJ","30","potent","O"
"NNS","30","inhibitors","B-Precipitant"
"IN","30","of","I-Precipitant"
"NNP","30","CYP3A","I-Precipitant"
"JJ","30","such","O"
"IN","30","as","O"
"NN","30","ketoconazole","B-Precipitant"
",","30",",","O"
"CC","30","and","O"
"NN","30","itraconazole","B-Precipitant"
",","30",",","O"
"JJ","30","avoid","B-Trigger"
"NN","30","use","I-Trigger"
"IN","30","of","I-Precipitant"
"NNP","30","ADCIRCA","O"
"VBP","30","see","O"
"NNP","30","Warnings","O"
"CC","30","and","O"
"NNP","30","Precautions","O"
"(","30","(","O"
"CD","30","5.2","O"
")","30",")","O"
"CC","30","and","O"
"JJ","30","Clinical","O"
"NNP","30","Pharmacology","O"
"(","30","(","O"
"CD","30","12.3","O"
")","30",")","O"
".","30",".","O"
"IN","31","In","O"
"JJ","31","such","O"
"NNS","31","circumstances","O"
",","31",",","O"
"NNS","31","nitrates","B-Precipitant"
"MD","31","should","O"
"RB","31","still","O"
"RB","31","only","O"
"VB","31","be","O"
"VBN","31","administered","O"
"IN","31","under","O"
"RB","31","close","O"
"JJ","31","medical","B-Trigger"
"NN","31","supervision","I-Trigger"
"IN","31","with","I-Trigger"
"JJ","31","appropriate","O"
"JJ","31","hemodynamic","O"
"NN","31","monitoring","B-Trigger"
".","31",".","O"
"NNS","32","Nitrates","O"
"VBP","32","Do","B-Trigger"
"RB","32","not","I-Trigger"
"VB","32","use","I-Trigger"
"NNP","32","ADCIRCA","O"
"IN","32","in","O"
"NNS","32","patients","O"
"WP","32","who","O"
"VBP","32","are","O"
"VBG","32","using","O"
"DT","32","any","O"
"NN","32","form","O"
"IN","32","of","O"
"JJ","32","organic","B-Precipitant"
"NN","32","nitrate","I-Precipitant"
"NNP","32","[","O"
"VBP","32","see","O"
"NNP","32","Contraindications","O"
"(","32","(","O"
"CD","32","4.1","O"
")","32",")","O"
"NN","32","]","O"
".","32",".","O"
"JJ","33","Other","O"
"NNP","33","Potent","O"
"NNS","33","Inhibitors","O"
"IN","33","of","O"
"NNP","33","CYP3A","O"
"NNP","33","Tadalafil","O"
"VBZ","33","is","O"
"VBN","33","metabolized","O"
"RB","33","predominantly","O"
"IN","33","by","O"
"NNP","33","CYP3A","O"
"IN","33","in","O"
"DT","33","the","O"
"NN","33","liver","O"
".","33",".","O"
"NNP","34","P-glycoprotein","O"
"(","34","(","O"
"NN","34","e.g.","O"
",","34",",","O"
"NN","34","digoxin","O"
")","34",")","O"
"NN","34","Coadministration","O"
"IN","34","of","O"
"NN","34","tadalafil","O"
"(","34","(","O"
"CD","34","40","O"
"NN","34","mg","O"
"RB","34","once","O"
"RB","34","daily","O"
")","34",")","O"
"IN","34","for","O"
"CD","34","10","O"
"NNS","34","days","O"
"VBD","34","did","O"
"RB","34","not","O"
"RB","34","significantly","O"
"VB","34","alter","O"
"NN","34","digoxin","O"
"NNS","34","pharmacokinetics","O"
"IN","34","in","O"
"JJ","34","healthy","O"
"NNS","34","subjects","O"
"VBP","34","[","O"
"VB","34","see","O"
"JJ","34","Clinical","O"
"NNP","34","Pharmacology","O"
"(","34","(","O"
"CD","34","12.3","O"
")","34",")","O"
"NN","34","]","O"
".","34",".","O"
"NNP","35","PDE5","B-Precipitant"
"NNS","35","inhibitors","I-Precipitant"
",","35",",","O"
"VBG","35","including","O"
"NNP","35","ADCIRCA","O"
",","35",",","O"
"CC","35","and","O"
"JJ","35","alpha","B-Precipitant"
"JJ","35","adrenergic","I-Precipitant"
"NN","35","blocking","I-Precipitant"
"NNS","35","agents","I-Precipitant"
"VBP","35","are","O"
"DT","35","both","O"
"NNS","35","vasodilators","O"
"IN","35","with","O"
"JJ","35","blood-pressure-lowering","B-SpecificInteraction"
"NNS","35","effects","O"
".","35",".","O"
"NNP","36","PDE5","B-Precipitant"
"NNS","36","inhibitors","I-Precipitant"
",","36",",","O"
"VBG","36","including","O"
"NNP","36","ADCIRCA","O"
",","36",",","O"
"CC","36","and","O"
"JJ","36","alpha","B-Precipitant"
"JJ","36","adrenergic","I-Precipitant"
"NN","36","blocking","I-Precipitant"
"NNS","36","agents","I-Precipitant"
"VBP","36","are","O"
"DT","36","both","O"
"NNS","36","vasodilators","O"
"IN","36","with","O"
"JJ","36","blood-pressure-lowering","B-SpecificInteraction"
"NNS","36","effects","O"
".","36",".","O"
"NNP","37","PDE5","O"
"NNS","37","inhibitors","O"
",","37",",","O"
"VBG","37","including","O"
"NNP","37","ADCIRCA","O"
",","37",",","O"
"VBP","37","are","O"
"JJ","37","mild","O"
"JJ","37","systemic","O"
"NNS","37","vasodilators","O"
".","37",".","O"
"JJ","38","Potent","O"
"NNS","38","Inducers","O"
"IN","38","of","I-Precipitant"
"NNP","38","CYP3A","I-Precipitant"
"IN","38","For","O"
"NNS","38","patients","O"
"RB","38","chronically","O"
"VBG","38","taking","O"
"JJ","38","potent","O"
"NNS","38","inducers","B-Precipitant"
"IN","38","of","I-Precipitant"
"NNP","38","CYP3A","I-Precipitant"
",","38",",","O"
"JJ","38","such","O"
"IN","38","as","O"
"NN","38","rifampin","B-Precipitant"
",","38",",","O"
"JJ","38","avoid","B-Trigger"
"NN","38","use","I-Trigger"
"IN","38","of","I-Precipitant"
"NNP","38","ADCIRCA","O"
"NNP","38","[","O"
"VBP","38","see","O"
"NNP","38","Warnings","O"
"CC","38","and","O"
"NNP","38","Precautions","O"
"(","38","(","O"
"CD","38","5.2","O"
")","38",")","O"
"CC","38","and","O"
"JJ","38","Clinical","O"
"NNP","38","Pharmacology","O"
"(","38","(","O"
"CD","38","12.3","O"
")","38",")","O"
"NN","38","]","O"
".","38",".","O"
"JJ","39","Potent","O"
"NNS","39","Inducers","O"
"IN","39","of","I-Precipitant"
"NNP","39","CYP3A","I-Precipitant"
"IN","39","For","O"
"NNS","39","patients","O"
"RB","39","chronically","O"
"VBG","39","taking","O"
"JJ","39","potent","O"
"NNS","39","inducers","B-Precipitant"
"IN","39","of","I-Precipitant"
"NNP","39","CYP3A","I-Precipitant"
",","39",",","O"
"JJ","39","such","O"
"IN","39","as","O"
"NN","39","rifampin","B-Precipitant"
",","39",",","O"
"JJ","39","avoid","B-Trigger"
"NN","39","use","I-Trigger"
"IN","39","of","I-Precipitant"
"NNP","39","ADCIRCA","O"
"NNP","39","[","O"
"VBP","39","see","O"
"NNP","39","Warnings","O"
"CC","39","and","O"
"NNP","39","Precautions","O"
"(","39","(","O"
"CD","39","5.2","O"
")","39",")","O"
"CC","39","and","O"
"JJ","39","Clinical","O"
"NNP","39","Pharmacology","O"
"(","39","(","O"
"CD","39","12.3","O"
")","39",")","O"
"NN","39","]","O"
".","39",".","O"
"NNP","40","Ritonavir","B-Precipitant"
"RB","40","initially","O"
"VBZ","40","inhibits","B-Trigger"
"CC","40","and","O"
"RB","40","later","O"
"NNS","40","induces","B-Trigger"
"NNP","40","CYP3A","B-Trigger"
",","40",",","O"
"DT","40","the","O"
"NN","40","enzyme","O"
"VBN","40","involved","O"
"IN","40","in","O"
"DT","40","the","O"
"NN","40","metabolism","O"
"IN","40","of","O"
"NN","40","tadalafil","O"
".","40",".","O"
"NNP","41","Ritonavir","B-Precipitant"
"RB","41","initially","O"
"VBZ","41","inhibits","B-Trigger"
"CC","41","and","O"
"RB","41","later","O"
"NNS","41","induces","B-Trigger"
"NNP","41","CYP3A","B-Trigger"
",","41",",","O"
"DT","41","the","O"
"NN","41","enzyme","O"
"VBN","41","involved","O"
"IN","41","in","O"
"DT","41","the","O"
"NN","41","metabolism","O"
"IN","41","of","O"
"NN","41","tadalafil","O"
".","41",".","O"
"NNP","42","Ritonavir","B-Precipitant"
"NNP","42","Ritonavir","B-Precipitant"
"RB","42","initially","O"
"VBZ","42","inhibits","B-Trigger"
"CC","42","and","O"
"RB","42","later","O"
"NNS","42","induces","B-Trigger"
"NNP","42","CYP3A","B-Trigger"
",","42",",","O"
"DT","42","the","O"
"NN","42","enzyme","O"
"VBN","42","involved","O"
"IN","42","in","O"
"DT","42","the","O"
"NN","42","metabolism","O"
"IN","42","of","O"
"NN","42","tadalafil","O"
".","42",".","O"
"NNP","43","Ritonavir","B-Precipitant"
"NNP","43","Ritonavir","B-Precipitant"
"RB","43","initially","O"
"VBZ","43","inhibits","B-Trigger"
"CC","43","and","O"
"RB","43","later","O"
"NNS","43","induces","B-Trigger"
"NNP","43","CYP3A","B-Trigger"
",","43",",","O"
"DT","43","the","O"
"NN","43","enzyme","O"
"VBN","43","involved","O"
"IN","43","in","O"
"DT","43","the","O"
"NN","43","metabolism","O"
"IN","43","of","O"
"NN","43","tadalafil","O"
".","43",".","O"
"JJ","44","Small","O"
"NNS","44","reductions","O"
"IN","44","in","O"
"NN","44","blood","O"
"NN","44","pressure","O"
"VBD","44","occurred","O"
"VBG","44","following","O"
"NN","44","coadministration","O"
"IN","44","of","O"
"NN","44","tadalafil","O"
"IN","44","with","O"
"DT","44","these","O"
"NNS","44","agents","O"
"VBN","44","compared","O"
"IN","44","with","O"
"NN","44","placebo","O"
"NNP","44","[","O"
"VBP","44","see","O"
"NNP","44","Warnings","O"
"CC","44","and","O"
"NNP","44","Precautions","O"
"(","44","(","O"
"CD","44","5.1","O"
")","44",")","O"
"CC","44","and","O"
"JJ","44","Clinical","O"
"NNP","44","Pharmacology","O"
"(","44","(","O"
"CD","44","12.2","O"
")","44",")","O"
"NN","44","]","O"
".","44",".","O"
"JJ","45","Substantial","O"
"NN","45","consumption","O"
"IN","45","of","O"
"NN","45","alcohol","B-Precipitant"
"(","45","(","O"
"NN","45","e.g.","O"
",","45",",","O"
"CD","45","5","O"
"NNS","45","units","O"
"CC","45","or","O"
"JJR","45","greater","O"
")","45",")","O"
"IN","45","in","I-SpecificInteraction"
"NN","45","combination","O"
"IN","45","with","O"
"NNP","45","ADCIRCA","O"
"MD","45","can","O"
"VB","45","increase","B-SpecificInteraction"
"DT","45","the","I-Trigger"
"JJ","45","potential","I-Trigger"
"IN","45","for","O"
"JJ","45","orthostatic","O"
"NNS","45","signs","O"
"CC","45","and","O"
"NNS","45","symptoms","O"
",","45",",","O"
"VBG","45","including","O"
"NN","45","increase","B-SpecificInteraction"
"IN","45","in","I-SpecificInteraction"
"NN","45","heart","I-SpecificInteraction"
"NN","45","rate","I-SpecificInteraction"
",","45",",","O"
"NN","45","decrease","B-SpecificInteraction"
"IN","45","in","I-SpecificInteraction"
"VBG","45","standing","I-SpecificInteraction"
"NN","45","blood","I-SpecificInteraction"
"NN","45","pressure","I-SpecificInteraction"
",","45",",","O"
"NN","45","dizziness","B-SpecificInteraction"
",","45",",","O"
"CC","45","and","O"
"NN","45","headache","B-SpecificInteraction"
".","45",".","O"
"NNP","46","Tadalafil","O"
"(","46","(","O"
"CD","46","10","O"
"NN","46","mg","O"
"CC","46","and","O"
"CD","46","20","O"
"NN","46","mg","O"
"RB","46","once","O"
"RB","46","daily","O"
")","46",")","O"
"VBZ","46","does","O"
"RB","46","not","O"
"VB","46","potentiate","O"
"DT","46","the","O"
"NN","46","increase","O"
"IN","46","in","O"
"JJ","46","bleeding","O"
"NN","46","time","O"
"VBN","46","caused","O"
"IN","46","by","O"
"JJ","46","aspirin","O"
"VB","46","see","O"
"JJ","46","Clinical","O"
"NNP","46","Pharmacology","O"
"(","46","(","O"
"CD","46","12.3","O"
")","46",")","O"
".","46",".","O"
"NNP","47","Tadalafil","O"
"(","47","(","O"
"CD","47","10","O"
"NN","47","mg","O"
"CC","47","or","O"
"CD","47","20","O"
"NN","47","mg","O"
")","47",")","O"
"VBD","47","did","O"
"RB","47","not","O"
"VB","47","affect","O"
"NN","47","alcohol","O"
"NN","47","plasma","O"
"NNS","47","concentrations","O"
"CC","47","and","O"
"NN","47","alcohol","O"
"VBD","47","did","O"
"RB","47","not","O"
"VB","47","affect","O"
"NN","47","tadalafil","O"
"NN","47","plasma","O"
"NNS","47","concentrations","O"
".","47",".","O"
"NNP","48","Tadalafil","O"
"(","48","(","O"
"CD","48","10","O"
"NN","48","mg","O"
"CC","48","or","O"
"CD","48","20","O"
"NN","48","mg","O"
")","48",")","O"
"VBD","48","did","O"
"RB","48","not","O"
"VB","48","affect","O"
"NN","48","alcohol","O"
"NN","48","plasma","O"
"NNS","48","concentrations","O"
"CC","48","and","O"
"NN","48","alcohol","O"
"VBD","48","did","O"
"RB","48","not","O"
"VB","48","affect","O"
"NN","48","tadalafil","O"
"NN","48","plasma","O"
"NNS","48","concentrations","O"
".","48",".","O"
"NNP","49","Tadalafil","O"
"VBZ","49","is","O"
"RB","49","not","O"
"VBN","49","expected","O"
"TO","49","to","O"
"VB","49","cause","O"
"RB","49","clinically","O"
"JJ","49","significant","O"
"NN","49","inhibition","O"
"CC","49","or","O"
"NN","49","induction","O"
"IN","49","of","O"
"DT","49","the","O"
"NN","49","clearance","O"
"IN","49","of","O"
"NNS","49","drugs","O"
"VBN","49","metabolized","O"
"IN","49","by","O"
"NN","49","cytochrome","O"
"NNP","49","P450","O"
"(","49","(","O"
"NNP","49","CYP","O"
")","49",")","O"
"NNS","49","isoforms","O"
"(","49","(","O"
"NN","49","e.g","O"
".","49",".","O"
",","49",",","O"
"NN","49","theophylline","O"
",","49",",","O"
"NN","49","warfarin","O"
",","49",",","O"
"NN","49","midazolam","O"
",","49",",","O"
"NN","49","lovastatin","O"
",","49",",","O"
"NN","49","bosentan","O"
")","49",")","O"
"VBP","49","see","O"
"JJ","49","Clinical","O"
"NNP","49","Pharmacology","O"
"(","49","(","O"
"CD","49","12.3","O"
")","49",")","O"
".","49",".","O"
"WRB","50","When","O"
"JJ","50","mild","O"
"NNS","50","vasodilators","B-Precipitant"
"VBP","50","are","O"
"VBN","50","taken","O"
"IN","50","in","O"
"NN","50","combination","O"
",","50",",","O"
"NN","50","blood","B-SpecificInteraction"
"VBG","50","pressurelowering","I-SpecificInteraction"
"NNS","50","effects","B-Trigger"
"IN","50","of","O"
"DT","50","each","O"
"JJ","50","individual","O"
"NN","50","compound","O"
"MD","50","may","B-Trigger"
"VB","50","be","I-Trigger"
"VBN","50","increased","I-Trigger"
".","50",".","O"
"WRB","51","When","O"
"NNS","51","vasodilators","B-Precipitant"
"VBP","51","are","O"
"VBN","51","used","O"
"IN","51","in","O"
"NN","51","combination","O"
",","51",",","O"
"DT","51","an","O"
"JJ","51","additive","B-SpecificInteraction"
"NN","51","effect","I-SpecificInteraction"
"IN","51","on","I-SpecificInteraction"
"NN","51","blood","I-SpecificInteraction"
"NN","51","pressure","I-SpecificInteraction"
"MD","51","may","O"
"VB","51","be","O"
"VBN","51","anticipated","O"
".","51",".","O"
"DT","52","Both","B-SpecificInteraction"
"NN","52","alcohol","B-Precipitant"
"CC","52","and","O"
"NN","52","tadalafil","O"
"VBP","52","are","B-SpecificInteraction"
"JJ","52","mild","O"
"NNS","52","vasodilators","B-SpecificInteraction"
".","52",".","O"
"NNP","53","Discuss","O"
"IN","53","with","O"
"NNS","53","patients","O"
"DT","53","the","O"
"JJ","53","appropriate","O"
"NN","53","action","O"
"TO","53","to","O"
"VB","53","take","O"
"IN","53","in","O"
"DT","53","the","O"
"NN","53","event","O"
"IN","53","that","O"
"PRP","53","they","O"
"VBP","53","experience","O"
"JJ","53","anginal","O"
"NN","53","chest","O"
"NN","53","pain","O"
"VBG","53","requiring","O"
"NN","53","nitroglycerin","O"
"VBG","53","following","O"
"NN","53","intake","O"
"IN","53","of","O"
"NNP","53","ADCIRCA","O"
".","53",".","O"
"IN","54","For","O"
"NNS","54","patients","O"
"RB","54","chronically","O"
"VBG","54","taking","O"
"JJ","54","potent","O"
"NNS","54","inducers","B-Precipitant"
"IN","54","of","I-Precipitant"
"NNP","54","CYP3A","I-Precipitant"
",","54",",","O"
"JJ","54","such","O"
"IN","54","as","O"
"NN","54","rifampin","B-Precipitant"
",","54",",","O"
"JJ","54","avoid","B-Trigger"
"NN","54","use","I-Trigger"
"IN","54","of","I-Precipitant"
"NNP","54","ADCIRCA","O"
"VBP","54","see","O"
"NNP","54","Drug","O"
"NNP","54","Interactions","O"
"(","54","(","O"
"CD","54","7.2","O"
")","54",")","O"
"CC","54","and","O"
"JJ","54","Clinical","O"
"NNP","54","Pharmacology","O"
"(","54","(","O"
"CD","54","12.3","O"
")","54",")","O"
".","54",".","O"
"IN","55","For","O"
"NNS","55","patients","O"
"RB","55","chronically","O"
"VBG","55","taking","O"
"JJ","55","potent","O"
"NNS","55","inducers","B-Precipitant"
"IN","55","of","I-Precipitant"
"NNP","55","CYP3A","I-Precipitant"
",","55",",","O"
"JJ","55","such","O"
"IN","55","as","O"
"NN","55","rifampin","B-Precipitant"
",","55",",","O"
"JJ","55","avoid","B-Trigger"
"NN","55","use","I-Trigger"
"IN","55","of","I-Precipitant"
"NNP","55","ADCIRCA","O"
"VBP","55","see","O"
"NNP","55","Drug","O"
"NNP","55","Interactions","O"
"(","55","(","O"
"CD","55","7.2","O"
")","55",")","O"
"CC","55","and","O"
"JJ","55","Clinical","O"
"NNP","55","Pharmacology","O"
"(","55","(","O"
"CD","55","12.3","O"
")","55",")","O"
".","55",".","O"
"IN","56","In","O"
"NNS","56","patients","O"
"VBG","56","taking","O"
"JJ","56","potent","O"
"NNS","56","inhibitors","B-Precipitant"
"IN","56","of","I-Precipitant"
"NNP","56","CYP3A","I-Precipitant"
"JJ","56","such","O"
"IN","56","as","O"
"NN","56","ketoconazole","B-Precipitant"
"CC","56","and","O"
"NN","56","itraconazole","B-Precipitant"
",","56",",","O"
"JJ","56","avoid","B-Trigger"
"NN","56","use","I-Trigger"
"IN","56","of","I-Precipitant"
"NNP","56","ADCIRCA","O"
"VBP","56","see","O"
"NNP","56","Drug","O"
"NNP","56","Interactions","O"
"(","56","(","O"
"CD","56","7.2","O"
")","56",")","O"
"CC","56","and","O"
"JJ","56","Clinical","O"
"NNP","56","Pharmacology","O"
"(","56","(","O"
"CD","56","12.3","O"
")","56",")","O"
".","56",".","O"
"IN","57","In","O"
"NNS","57","patients","O"
"VBG","57","taking","O"
"JJ","57","potent","O"
"NNS","57","inhibitors","B-Precipitant"
"IN","57","of","I-Precipitant"
"NNP","57","CYP3A","I-Precipitant"
"JJ","57","such","O"
"IN","57","as","O"
"NN","57","ketoconazole","B-Precipitant"
"CC","57","and","O"
"NN","57","itraconazole","B-Precipitant"
",","57",",","O"
"JJ","57","avoid","B-Trigger"
"NN","57","use","I-Trigger"
"IN","57","of","I-Precipitant"
"NNP","57","ADCIRCA","O"
"VBP","57","see","O"
"NNP","57","Drug","O"
"NNP","57","Interactions","O"
"(","57","(","O"
"CD","57","7.2","O"
")","57",")","O"
"CC","57","and","O"
"JJ","57","Clinical","O"
"NNP","57","Pharmacology","O"
"(","57","(","O"
"CD","57","12.3","O"
")","57",")","O"
".","57",".","O"
"IN","58","In","O"
"NNS","58","patients","O"
"VBG","58","taking","O"
"JJ","58","potent","O"
"NNS","58","inhibitors","B-Precipitant"
"IN","58","of","I-Precipitant"
"NNP","58","CYP3A","I-Precipitant"
"JJ","58","such","O"
"IN","58","as","O"
"NN","58","ketoconazole","B-Precipitant"
"CC","58","and","O"
"NN","58","itraconazole","B-Precipitant"
",","58",",","O"
"JJ","58","avoid","B-Trigger"
"NN","58","use","I-Trigger"
"IN","58","of","I-Precipitant"
"NNP","58","ADCIRCA","O"
"VBP","58","see","O"
"NNP","58","Drug","O"
"NNP","58","Interactions","O"
"(","58","(","O"
"CD","58","7.2","O"
")","58",")","O"
"CC","58","and","O"
"JJ","58","Clinical","O"
"NNP","58","Pharmacology","O"
"(","58","(","O"
"CD","58","12.3","O"
")","58",")","O"
".","58",".","O"
"NN","59","Inform","B-Trigger"
"NNS","59","patients","I-Trigger"
"VBG","59","taking","O"
"NNP","59","ADCIRCA","O"
"RB","59","not","B-Trigger"
"TO","59","to","I-Trigger"
"VB","59","take","I-Trigger"
"NNP","59","CIALIS","B-Precipitant"
"CC","59","or","O"
"JJ","59","other","O"
"NNP","59","PDE5","B-Precipitant"
"NNS","59","inhibitors","I-Precipitant"
".","59",".","O"
"NN","60","Inform","B-Trigger"
"NNS","60","patients","I-Trigger"
"VBG","60","taking","O"
"NNP","60","ADCIRCA","O"
"RB","60","not","B-Trigger"
"TO","60","to","I-Trigger"
"VB","60","take","I-Trigger"
"NNP","60","CIALIS","B-Precipitant"
"CC","60","or","O"
"JJ","60","other","O"
"NNP","60","PDE5","B-Precipitant"
"NNS","60","inhibitors","I-Precipitant"
".","60",".","O"
"JJ","61","Other","O"
"JJ","61","concomitant","O"
"NN","61","potent","O"
"NNP","61","CYP3A","B-Precipitant"
"NNS","61","inhibitors","I-Precipitant"
":","61",":","O"
"NNP","61","Avoid","B-Trigger"
"NN","61","use","I-Trigger"
"IN","61","with","O"
"NNP","61","ADCIRCA","O"
".","61",".","O"
"NNP","62","PDE5","B-Precipitant"
"NNS","62","inhibitors","I-Precipitant"
",","62",",","O"
"VBG","62","including","O"
"NNP","62","ADCIRCA","O"
",","62",",","O"
"CC","62","and","O"
"JJ","62","alpha","B-Precipitant"
"JJ","62","adrenergic","I-Precipitant"
"NN","62","blocking","I-Precipitant"
"NNS","62","agents","I-Precipitant"
"VBP","62","are","O"
"NNS","62","vasodilators","O"
"IN","62","with","O"
"NN","62","blood","B-SpecificInteraction"
"NN","62","pressure","I-SpecificInteraction"
"VBG","62","lowering","I-SpecificInteraction"
"NNS","62","effects","O"
".","62",".","O"
"NNP","63","PDE5","B-Precipitant"
"NNS","63","inhibitors","I-Precipitant"
",","63",",","O"
"VBG","63","including","O"
"NNP","63","ADCIRCA","O"
",","63",",","O"
"CC","63","and","O"
"JJ","63","alpha","B-Precipitant"
"JJ","63","adrenergic","I-Precipitant"
"NN","63","blocking","I-Precipitant"
"NNS","63","agents","I-Precipitant"
"VBP","63","are","O"
"NNS","63","vasodilators","O"
"IN","63","with","O"
"NN","63","blood","B-SpecificInteraction"
"NN","63","pressure","I-SpecificInteraction"
"VBG","63","lowering","I-SpecificInteraction"
"NNS","63","effects","O"
".","63",".","O"
"NNP","64","PDE5","O"
"NNS","64","inhibitors","O"
",","64",",","O"
"VBG","64","including","O"
"NN","64","tadalafil","O"
",","64",",","O"
"VBP","64","have","O"
"VBN","64","mild","O"
"JJ","64","systemic","O"
"NN","64","vasodilatory","O"
"NNS","64","properties","O"
"WDT","64","that","O"
"MD","64","may","O"
"VB","64","result","O"
"IN","64","in","O"
"NN","64","transient","O"
"NNS","64","decreases","O"
"IN","64","in","O"
"NN","64","blood","O"
"NN","64","pressure","O"
".","64",".","O"
"JJ","65","Potent","O"
"NNS","65","Inducers","O"
"IN","65","of","I-Precipitant"
"NNP","65","CYP3A","I-Precipitant"
":","65",":","O"
"NNP","65","Avoid","B-Trigger"
"NN","65","use","I-Trigger"
"IN","65","of","I-Precipitant"
"NNP","65","ADCIRCA","O"
"IN","65","in","O"
"NNS","65","patients","O"
"RB","65","chronically","O"
"VBG","65","taking","O"
"JJ","65","potent","O"
"NNS","65","inducers","B-Precipitant"
"IN","65","of","I-Precipitant"
"NNP","65","CYP3A","I-Precipitant"
"(","65","(","O"
"NN","65","e.g","O"
".","65",".","O"
",","65",",","O"
"NN","65","rifampin","B-Precipitant"
")","65",")","O"
".","65",".","O"
"JJ","66","Potent","O"
"NNS","66","Inducers","O"
"IN","66","of","I-Precipitant"
"NNP","66","CYP3A","I-Precipitant"
":","66",":","O"
"NNP","66","Avoid","B-Trigger"
"NN","66","use","I-Trigger"
"IN","66","of","I-Precipitant"
"NNP","66","ADCIRCA","O"
"IN","66","in","O"
"NNS","66","patients","O"
"RB","66","chronically","O"
"VBG","66","taking","O"
"JJ","66","potent","O"
"NNS","66","inducers","B-Precipitant"
"IN","66","of","I-Precipitant"
"NNP","66","CYP3A","I-Precipitant"
"(","66","(","O"
"NN","66","e.g","O"
".","66",".","O"
",","66",",","O"
"NN","66","rifampin","B-Precipitant"
")","66",")","O"
".","66",".","O"
"NNP","67","Tadalafil","O"
"VBZ","67","is","O"
"RB","67","also","O"
"VBN","67","marketed","O"
"IN","67","as","O"
"NNP","67","CIALIS","O"
".","67",".","O"
"DT","68","The","O"
"NN","68","safety","O"
"CC","68","and","O"
"NN","68","efficacy","O"
"IN","68","of","O"
"VBG","68","taking","O"
"NNP","68","ADCIRCA","O"
"RB","68","together","O"
"IN","68","with","O"
"NNP","68","CIALIS","O"
"CC","68","or","O"
"JJ","68","other","O"
"NNP","68","PDE5","O"
"NNS","68","inhibitors","O"
"VBP","68","have","O"
"RB","68","not","O"
"VBN","68","been","O"
"VBN","68","studied","O"
".","68",".","O"
"DT","69","These","O"
"NNS","69","events","O"
",","69",",","O"
"WDT","69","which","O"
"MD","69","may","O"
"VB","69","be","O"
"VBN","69","accompanied","O"
"IN","69","by","O"
"NN","69","tinnitus","O"
"CC","69","and","O"
"NN","69","dizziness","O"
",","69",",","O"
"VBP","69","have","O"
"VBN","69","been","O"
"VBN","69","reported","O"
"IN","69","in","O"
"JJ","69","temporal","O"
"NN","69","association","O"
"TO","69","to","O"
"DT","69","the","O"
"NN","69","intake","O"
"IN","69","of","O"
"NNP","69","PDE5","O"
"NNS","69","inhibitors","O"
",","69",",","O"
"VBG","69","including","O"
"NNP","69","ADCIRCA","O"
".","69",".","O"
"WRB","70","When","O"
"VBN","70","administered","O"
"IN","70","in","O"
"NN","70","combination","O"
"IN","70","with","O"
"NN","70","aspirin","O"
",","70",",","O"
"VBZ","70","tadalafil","O"
"CD","70","20","O"
"NN","70","mg","O"
"VBD","70","did","O"
"RB","70","not","O"
"VB","70","prolong","O"
"NN","70","bleeding","O"
"NN","70","time","O"
",","70",",","O"
"JJ","70","relative","O"
"TO","70","to","O"
"VB","70","aspirin","O"
"RB","70","alone","O"
".","70",".","O"
